{
  "setup.py": 1778421270.734974,
  "tests/test_utils.py": 1778705685.244793,
  "tests/test_sentiment_features.py": 1778706288.6715908,
  "tests/test_betting_risk.py": 1778706513.9777055,
  "tests/test_e2e_trading_loop.py": 1778705705.5576196,
  "tests/__init__.py": 1778702472.5242286,
  "tests/test_config_validation.py": 1778702746.7388067,
  "tests/test_security_fixes.py": 1778705490.8768625,
  "tests/test_live_guard.py": 1778706303.8758125,
  "tests/test_stock_models.py": 1778695000.2667358,
  "tests/test_asset_router.py": 1778706309.3463607,
  "tests/test_paper_wallet.py": 1778702820.352053,
  "tests/test_e2e_stock_betting.py": 1778705705.5574017,
  "tests/test_onchain_features.py": 1778706651.2298698,
  "tests/test_risk_unified.py": 1778705705.557773,
  "tests/test_macro_features.py": 1778706642.1999903,
  "tests/test_technical_features.py": 1778706323.9524763,
  "omnitrade/__init__.py": 1778419910.7651262,
  "omnitrade/main.py": 1778772702.2310758,
  "omnitrade/ensemble/__init__.py": 1778419910.767291,
  "omnitrade/ensemble/voting_system.py": 1778705705.5547671,
  "omnitrade/backtesting/stock_backtester.py": 1778768117.4734108,
  "omnitrade/backtesting/__init__.py": 1778419910.7680888,
  "omnitrade/backtesting/engine.py": 1778434492.2797377,
  "omnitrade/backtesting/betting_backtester.py": 1778785707.7562525,
  "omnitrade/backtesting/overfitting_detector.py": 1778419910.7692606,
  "omnitrade/backtesting/walk_forward.py": 1778419910.7695458,
  "omnitrade/config/asset_types.py": 1778419910.7702334,
  "omnitrade/config/logging_config.py": 1778419910.7706633,
  "omnitrade/config/__init__.py": 1778419910.7707705,
  "omnitrade/config/settings.py": 1778705705.5544877,
  "omnitrade/learning/auto_retrainer.py": 1778772449.9803815,
  "omnitrade/learning/__init__.py": 1778772333.0834374,
  "omnitrade/features/feature_selector.py": 1778419910.7718892,
  "omnitrade/features/onchain_features.py": 1778704201.1886082,
  "omnitrade/features/macro_features.py": 1778704225.3994102,
  "omnitrade/features/betting_features.py": 1778419910.7728865,
  "omnitrade/features/technical.py": 1778419910.7735217,
  "omnitrade/features/__init__.py": 1778419910.773678,
  "omnitrade/features/sentiment_features.py": 1778704179.9714825,
  "omnitrade/features/base.py": 1778703837.598058,
  "omnitrade/features/stock_features.py": 1778612765.3431184,
  "omnitrade/utils/sentiment.py": 1778703764.3878999,
  "omnitrade/utils/cache.py": 1778703723.4826145,
  "omnitrade/utils/__init__.py": 1778419910.774758,
  "omnitrade/utils/logger.py": 1778419910.77503,
  "omnitrade/utils/pnl_tracker.py": 1778703858.4379027,
  "omnitrade/utils/circuit_breaker.py": 1778703853.7061512,
  "omnitrade/utils/odds.py": 1778703721.4755373,
  "omnitrade/utils/helpers.py": 1778419910.7753217,
  "omnitrade/models/stock_models.py": 1778772091.7407079,
  "omnitrade/models/sentiment_model.py": 1778703819.788046,
  "omnitrade/models/__init__.py": 1778419910.7760782,
  "omnitrade/models/model_metadata.py": 1778610730.5592709,
  "omnitrade/models/xgboost_model.py": 1778761202.5848215,
  "omnitrade/models/ddqn_agent.py": 1778705705.555874,
  "omnitrade/models/betting_models.py": 1778607960.9905744,
  "omnitrade/models/cnn_model.py": 1778705705.5556855,
  "omnitrade/models/ppo_agent.py": 1778609530.136773,
  "omnitrade/models/lstm_model.py": 1778705705.5562284,
  "omnitrade/models/lightgbm_model.py": 1778761242.094675,
  "omnitrade/models/training/__init__.py": 1778419910.7862048,
  "omnitrade/models/training/environments.py": 1778609783.089704,
  "omnitrade/models/training/trainer.py": 1778419910.7868903,
  "omnitrade/execution/paper_wallet.py": 1778702242.324579,
  "omnitrade/execution/asset_router.py": 1778705705.5549495,
  "omnitrade/execution/mode_guard.py": 1778705496.2800822,
  "omnitrade/execution/__init__.py": 1778419910.7790382,
  "omnitrade/execution/stock_executor.py": 1778705705.5551085,
  "omnitrade/execution/betting_executor.py": 1778703725.6554704,
  "omnitrade/execution/trade_executor.py": 1778705705.5553145,
  "omnitrade/monitoring/telegram_bot.py": 1778419910.7806945,
  "omnitrade/monitoring/__init__.py": 1778419910.7808251,
  "omnitrade/monitoring/dashboard.py": 1778419910.781135,
  "omnitrade/monitoring/health_check.py": 1778704645.237515,
  "omnitrade/data/__init__.py": 1778763476.6552863,
  "omnitrade/data/collectors/web_scraper.py": 1778703784.0941288,
  "omnitrade/data/collectors/__init__.py": 1778763442.4982219,
  "omnitrade/data/collectors/onchain_data.py": 1778703731.2702188,
  "omnitrade/data/collectors/market_data.py": 1778433791.8289554,
  "omnitrade/data/collectors/sentiment_data.py": 1778611514.1238973,
  "omnitrade/data/collectors/macro_data.py": 1778703734.7085993,
  "omnitrade/data/collectors/stock_data.py": 1778434323.5207732,
  "omnitrade/data/collectors/betting_data.py": 1778785408.6717484,
  "omnitrade/data/storage/database.py": 1778611923.5253859,
  "omnitrade/data/storage/__init__.py": 1778419910.7900853,
  "omnitrade/risk/__init__.py": 1778419910.7819877,
  "omnitrade/risk/betting_risk.py": 1778706509.1068482,
  "omnitrade/risk/safety.py": 1778705705.556816,
  "omnitrade/risk/risk_manager.py": 1778705705.556569,
  "scripts/train_5year.py": 1778760995.5267248,
  "scripts/auto_tuner.py": 1778695556.7961872,
  "scripts/auto_learner.py": 1778703773.7456563,
  "scripts/auto_trader.py": 1778761506.3184664,
  "scripts/benchmark_runner.py": 1778705705.5572317,
  "scripts/train_all_models.py": 1778618521.2296991,
  "requirements.txt": 1778762605.7334373,
  "README.md": 1778421233.848458,
  "CLAUDE.md": 1778704934.6015952,
  "docs/CONTEXT.md": 1778701988.3637257,
  "docs/adr/0001-paper-wallet-extraction.md": 1778702028.4859483,
  "docs/adr/0003-unified-halt-delegation.md": 1778702050.2033463,
  "docs/adr/0002-ensemble-voter-delegation.md": 1778702038.6119335,
  "docs/agents/domain.md": 1778704965.1401722,
  "docs/agents/triage-labels.md": 1778704952.257144,
  "docs/agents/issue-tracker.md": 1778704944.3676982,
  "reports/backtest_betting_americanfootball_nfl.png": 1778772142.4828255,
  "reports/backtest_BTC_USDT.png": 1778772130.2697809,
  "reports/backtest_ETH_USDT.png": 1778772132.551873,
  "reports/backtest_stock_SPY.png": 1778772141.2646508,
  "reports/backtest_stock_AAPL.png": 1778772135.8565977,
  "reports/backtest_stock_TSLA.png": 1778772138.0498347,
  "reports/backtest_betting_basketball_nba.png": 1778772142.0658224
}